Водка,мл
Лондонский сухой джин,мл
Белый ром,мл
Серебряная текила,мл
Коньяк,мл
Шотландский виски,мл
Бурбон,мл
Абсент,мл
Золотая текила,мл
Темный ром,мл
Золотой ром,мл
Кальвадос,мл
Самбука классическая,мл
Выдержанный ром,мл
Цитрусовая водка,мл
Мескаль,мл
Грейпфрутовая водка,мл
Ирландский виски,мл
Сверхкрепкий ром,мл
Женевер,мл
Черносмородиновая водка,мл
Писко,мл
Пряный ром,мл
Ржаной виски,мл
Кашаса,мл
Выдержанный бурбон,мл
Яблочный бурбон,мл
Вишневый бурбон,мл
Медовый бурбон,мл
Японский виски,мл
Кокосовый ром,мл
Малиновая водка,мл
Выдержанный коньяк,мл
Граппа,мл
Дабл рай виски,мл
Выдержанный чистый виски,мл
Сельдереевый джин,мл
Ананасовый ром,мл
Аквавит,мл
Арак Батавия,мл
Американский виски,мл
Кокосовая водка,мл
Грушевый бренди,мл
Соджу,мл
Односолодовый виски с острова Айла,мл
Односолодовый виски из Хайленда,мл
Домашняя ванильная водка,мл
Домашняя перечная водка,мл
Домашний обогащенный маслом бурбон,мл
Домашняя водка с чили,мл
Домашний джин на гибискусе и пряностях,мл
Домашняя лавандовая водка,мл
Домашняя водка на свекле,мл
Домашняя водка на соусе ворчестер,мл
Домашний банановый джин,мл
Домашняя водка с кориандром,мл
Домашний вишневый ром,мл
Домашняя клубничная текила,мл
Домашняя лимонная водка на эрл грее,мл
Домашняя маковая водка,мл
Домашняя обогащенная маслом какао Зубровка,мл
Домашняя пряная водка,мл
Домашний вишневый ликер,мл
Домашний белый вермут на хмеле,мл
Домашний джин на тахини,мл
Домашний джин на улуне,мл
Домашний писко на чае,мл
Домашний джин на перге,мл
Домашний джин на эрл грее,мл
Домашний земляничный виски,мл
Домашний белый вермут на шампиньонах,мл
Домашний джин на клитории,мл
Домашний какао ликер на кафир-лайме,мл
Домашняя водка на ряженке,мл
Домашнее вино из маракуйи,мл
Домашний лавандовый джин,мл
Домашний ликер на роме с изюмом,мл
Домашний Мартинез,мл
Домашний обогащенный арахисовой пастой ром,мл
Домашний джин на черемухе,мл
Домашний бурбон на масале,мл
Домашний ванильный виски,мл
Домашняя водка на фалафеле,мл
Домашний табачный бурбон,мл
Домашний ромовый микс,мл
Домашний банановый виски,мл
Домашний ванильный ром,мл
Домашний эликсир пахлавы,мл
Домашняя бисквитная водка,мл
Домашняя водка на кацуобуси,мл
Домашняя текила на камеди,мл
Домашний выдержанный ром на зизифусе,мл
Домашняя перечная текила,мл
Домашний шоколадный вермут,мл
Домашний виски на чае ходзитя,мл
Обогащенный маслом гхи дамсол,мл
Домашний бурбон на бобах тонка,мл
Домашний ванильный мескаль,мл
Домашний вермут с крыжовником,мл
Домашний джин на мандариновых корках,мл
Домашний индийский микс,мл
Домашний какао­ дистиллят,мл
Домашний кофейный вермут,мл
Домашний красный вермут с пеканом,мл
Домашний обогащенный маслом и бобами тонка коньяк,мл
Домашний обогащенный маслом кокоса ром,мл
Домашний обогащенный сыром чеддер мескаль,мл
Домашний фруктовый ром,мл
Домашний хининовый ликер с ананасом,мл
Домашняя водка на шисо и комбу,мл
Домашняя картофельная водка,мл
Красный вермут,мл
Сухой вермут,мл
Белый вермут,мл
Розовый вермут,мл
Трипл сек,мл
Кофейный ликер,мл
Красный биттер,мл
Ликер мараскино,мл
Айриш крим,мл
Ликер Драй Оранж,мл
Амаро,мл
Дынный ликер,мл
Персиковый ликер,мл
Кокосовый ликер,мл
Абрикосовый ликер,мл
Ликер амаретто,мл
Черносмородиновый ликер,мл
Ревеневый ликер,мл
Лимончелло,мл
Ликер Блю Кюрасао,мл
Зеленый шартрез,мл
Вишневый ликер,мл
Мятный ликер зеленый,мл
Бенедиктин,мл
Драмбуи,мл
Какао ликер коричневый,мл
Яблочный ликер зеленый,мл
Ликер из цветков бузины,мл
Какао ликер светлый,мл
Бехеровка,мл
Грейпфрутовый ликер,мл
Ликер личи,мл
Ликер корицы,мл
Ликер манго,мл
Маурин квина,мл
Ликер фалернум,мл
Апероль,мл
Гальяно Л’Аутентико,мл
Яичный ликер,мл
Ежевичный ликер,мл
Саке,мл
Ликер маракуйи,мл
Ликер пименто драм,мл
Гентиана,мл
Чинар,мл
Банановый ликер желтый,мл
Фернет бранка,мл
Южный комфорт,мл
Яблочный ликер желтый,мл
Ромашковый ликер,мл
Ореховый ликер,мл
Стрега,мл
Пастис,мл
Пикон,мл
Мастиха,мл
Терновый джин,мл
Малиновый ликер,мл
Дюбонне,мл
Мирто,мл
Ликер голубики,мл
Клубничный ликер,мл
Фиалковый ликер,мл
Италикус,мл
Женевер с маракуйей,мл
Ликер перца анчо,мл
Ликер юдзу,мл
Медовый ликер,мл
Ликер 43,мл
Банановый ликер зеленый,мл
Грушевый ликер,мл
Ликер вербены,мл
Мандариновый ликер,мл
Мятный ликер светлый,мл
Эликсир д'Анверс,мл
Егермейстер,мл
Цвак Уникум,мл
Ликер цветущей вишни,мл
Просекко,мл
Красное вино сухое,мл
Херес Педро Хименес,мл
Портвейн Тони,мл
Херес Фино,мл
Белое вино сухое,мл
Херес Олоросо,мл
Херес Манзанилья,мл
Херес Амонтильядо,мл
Лилле Блан,мл
Лилле Руж,мл
Белое вино десертное,мл
Сливовое вино,мл
Сладкий херес блендовый,мл
Портвейн Руби,мл
Портвейн ЛБВ,мл
Мадера,мл
Портвейн Бранко,мл
Светлое пиво,мл
Яблочный сидр,мл
Темное пиво,мл
Стаут,мл
Эль,мл
Пшеничное пиво,мл
Ангостура биттер,мл
Апельсиновый биттер,мл
Пишо биттер,мл
Грейпфрутовый биттер,мл
Персиковый биттер,мл
Лавандовый биттер,мл
Домашний кардамоновый биттер,мл
Ревеневый биттер,мл
Чайный биттер,мл
Шоколадный биттер,мл
Домашний цитрусовый биттер,мл
Сельдереевый биттер,мл
Лимонный биттер,мл
Грецкий биттер,мл
Сливовый биттер,мл
Цитрусовый биттер,мл
Шартрез биттер,мл
Кленовый биттер,мл
Домашний биттер Милано,мл
Фенхелевый биттер,мл
Эбботтс биттер,мл
Домашний мускатный биттер,мл
Дэд Рэббит Ориноко биттер,мл
Виски биттер,мл
Бергамот биттер,мл
Биттер из лопуха,мл
Гвоздичный биттер,мл
Биттер Афродита,мл
Умами биттер,мл
Лакричный биттер,мл
Джерри Томас биттер,мл
Вишневый биттер,мл
Гентиана биттер,мл
Сахарный сироп,мл
Медовый сироп,мл
Гренадин,мл
Сироп маракуйи,мл
Ванильный сироп,мл
Сироп агавы,мл
Миндальный сироп,мл
Сироп корицы,мл
Малиновый сироп,мл
Кленовый сироп,мл
Карамельный сироп,мл
Имбирный сироп,мл
Клубничный сироп,мл
Яблочный сироп желтый,мл
Сироп розы,мл
Черносмородиновый сироп,мл
Кокосовый сироп,мл
Сироп манго,мл
Сироп лимонника,мл
Пряный сироп,мл
Мандариновый сироп,мл
Шоколадный сироп,мл
Сироп личи,мл
Яблочный сироп зеленый,мл
Фисташковый сироп,мл
Лаймовый кордиал,мл
Сироп лаванды,мл
Сироп фундука,мл
Сироп соленая карамель,мл
Вишневый сироп,мл
Ананасовый сироп,мл
Арбузный сироп,мл
Банановый сироп желтый,мл
Персиковый сироп,мл
Ежевичный сироп,мл
Сироп гибискуса,мл
Грейпфрутовый сироп,мл
Сироп шоколадное печенье,мл
Сироп мятный мохито,мл
Инжирный сироп,мл
Сироп макадамии,мл
Ирисковый сироп,мл
Сироп трипл сек,мл
Сироп пряная тыква,мл
Кофейный сироп,мл
Сироп маршмэллоу,мл
Домашний медово-имбирный сироп,мл
Домашний пшеничный кордиал,мл
Домашний винный сироп,мл
Домашний грейпфрутово-укропный кордиал,мл
Домашний сироп на бобах тонка,мл
Домашний кордиал Модена,мл
Домашний сироп фруктозы,мл
Домашний улуновый кордиал,мл
Домашний апельсиновый сироп с хреном,мл
Домашний сироп фалернум,мл
Домашний сироп эрл грей,мл
Домашний сосново-медовый сироп,мл
Домашний табачный сироп,мл
Домашний мисо сироп,мл
Домашний ромашковый сироп,мл
Домашний оршад на фисташках,мл
Домашний калиновый кордиал,мл
Домашний сельдереевый сироп,мл
Домашний сироп из стручкового горошка,мл
Домашний сироп маракуйи с кориандром,мл
Домашний сироп "пьяная вишня",мл
Домашний сироп хиноки,мл
Домашний сироп кола,мл
Домашний сироп мятная кола,мл
Домашний лавандово-кленовый сироп,мл
Лимонный сок,мл
Лаймовый сок,мл
Апельсиновый сок,мл
Яблочный сок,мл
Клюквенный сок,мл
Грейпфрутовый сок,мл
Ананасовый сок,мл
Томатный сок,мл
Вишневый сок,мл
Гранатовый сок,мл
Персиковый сок,мл
Сок манго,мл
Сок маракуйи,мл
Мандариновый сок,мл
Арбузный сок,мл
Сок личи,мл
Морковный сок,мл
Сок папайи,мл
Облепиховый сок,мл
Сок алоэ,мл
Сок из лимонов гриль,мл
Сок кешью,мл
Верджус,мл
Домашний газированный фруктовый сок,мл
Сок квашеной капусты,мл
Содовая,мл
Имбирное пиво,мл
Спрайт,мл
Вода без газа,мл
Тоник,мл
Кола,мл
Энергетик,мл
Биттер лемон,мл
Кокосовая вода,мл
Холодный зеленый чай,мл
Холодный персиковый чай,мл
Лимонад дюшес,мл
Розовый лимонад,мл
Тархун,мл
Байкал,мл
Грейпфрутовая газировка,мл
Ананасовая газировка,мл
Домашняя "смертельная" содовая,мл
Домашняя содовая на сыворотке с бананом,мл
Домашний холодный шоколад,мл
Кофе эспрессо,мл
Черный чай,мл
Кофе в зернах,г
Кофе американо,мл
Чай эрл грей,мл
Жасминовый чай,мл
Ромашковый чай,мл
Копченый чай,мл
Чай ассам,мл
Какао-порошок,г
Молотый кофе,г
Чай лотосовый улун,мл
Маття,г
Липовый чай,мл
Чай дянь хун,мл
Сухие цветки для чая,шт
Ромашковый чай в пакетиках,г
Чай сенча,мл
Зеленый чай листовой,г
Черный чай листовой,г
Вересковый чай,мл
Кофе терпентинный,г
Вода из цветков апельсина,мл
Розовая вода,мл
Домашняя томатная вода,мл
Домашняя орчата с манго и кешью,мл
Домашняя шалфейная вода,мл
Сырный рассол,мл
Домашний клубнично-базиликовый шраб,мл
Домашняя нутовая вода,мл
Домашний дынный микс,мл
Базиликовая тинктура,мл
Эвкалиптовая тинктура,мл
Домашние сливки на обжаренном кофе,мл
Соляная тинктура,мл
Домашний клубничный шраб,мл
Домашний лимонный шербет,мл
Молочные продукты и яйца,мл
Белок перепелиного яйца,мл
Жирные сливки,мл
Молоко,мл
Желток перепелиного яйца,шт
Нежирные сливки,мл
Взбитые сливки,мл
Ванильное мороженое,г
Сыр маскарпоне,г
Пармезан,г
Малиновое мороженое,г
Кокосовое мороженое,г
Лаймовый сорбет,г
Сливочное масло соленое,г
Сгущенное молоко,мл
Апельсиновый сорбет,г
Шоколадное мороженое,г
Яблочный сорбет,г
Кефир,мл
Сливочный сыр,г
Клубничное мороженое,г
Ежевичное мороженое,г
Сыр Па де Руж,г
Сыр Салерс,г
Перепелиное яйцо,шт
Сливочное масло,г
Йогурт,г
Спирулина,г
Ламинария,шт
Устрица,г
Морские водоросли,г
Ракушка,шт
Малиновое пюре,г
Клубничное пюре,г
Персиковое пюре,г
Пюре личи,г
Банановое пюре,г
Ананасовое пюре,г
Кокосовое пюре,г
Мандариновое пюре,г
Пюре голубики,г
Пюре красной смородины,г
Яблочное пюре,г
Пюре маракуйи,г
Пюре манго,г
Лайм,г
Апельсин,г
Яблоко,г
Лимон,г
Грейпфрут,г
Ананас,г
Маракуйя,г
Мандарин,г
Манго,г
Гранат,г
Киви,г
Кумкват,г
Банан,г
Личи,г
Груша,г
Карамбола,г
Персик,г
Инжир,г
Консервированный персик,г
Авокадо,г
Фейхоа,г
Питайя,г
Терн,г
Гуава,г
Абрикос,г
Консервированный ананас,г
Малина,г
Клубника,г
Ежевика,г
Черника,г
Клюква,г
Красная смородина,г
Вишня,г
Зеленый виноград,г
Арбуз,г
Физалис,г
Черная смородина,г
Брусника,г
Дыня,г
Красный виноград,г
Свежемороженая вишня,г
Облепиха,г
Свежемороженая малина,г
Черешня,г
Свежемороженая клубника,г
Калина,г
Шиповник,г
Огурец,г
Перец чили,г
Сельдерей,г
Соленый огурец,г
Редька,г
Стручковый перец сладкий,г
Ревень,г
Корень фенхеля,г
Батат,г
Томат черри,г
Халапеньо,г
Кукуруза,г
Стручки гороха,г
Картофель,г
Мята,г
Розмарин,г
Зеленый базилик,г
Ананасовые листья,шт
Лимонная трава,г
Лепестки роз,шт
Красный базилик,г
Цветы фиалки,шт
Лаймовые листья,шт
Тимьян,г
Орхидея,шт
Кориандр,г
Щавель,г
Шалфей,г
Эстрагон,г
Ростки гороха с приправами,шт
Лаванда,г
Руккола,г
Цветы ромашки,шт
Гибискус в сиропе,г
Сычуаньский бутон,шт
Шисо,г
Укроп,г
Пшеничный колос,шт
Цветок карнивора,шт
Листья кукурузы,шт
Каперсы,г
Оливковые листья,шт
Полынь,г
Листья лотоса,шт
Качим,г
Синеголовник,г
Солерос,г
Хризантема,шт
Цветы яблони,шт
Орегано,г
Мед,мл
Апельсиновый джем,г
Вишневый джем,г
Малиновый джем,г
Облепиховый джем,г
Абрикосовый джем,г
Черносмородиновый джем,г
Домашний ягодный чатни,г
Инжирный джем,г
Лавандовый мед,г
Голубичный джем,г
Клубничный джем,г
Клюквенный джем с портвейном,г
Мачилусовый мед,мл
Медовые соты,г
Кумкватовый джем,г
Крыжовниковый джем,г
Табаско соус красный,мл
Ворчестер соус,мл
Трюфельное масло,мл
Красный винный уксус,мл
Устричный соус,мл
Шоколадный соус,мл
Бальзамический крем,мл
Соевый соус,мл
Табаско соус зеленый,мл
Кунжутное масло,мл
Карамельный соус,мл
Яблочный уксус,мл
Домашнее овощное масло,мл
Домашнее цитрусовое масло,мл
Домашнее шоколадное масло,мл
Настойка с ароматом барбекю,мл
Тамариндовый соус,мл
Миндальная паста,мл
Домашний яблочно-ревеневый кетчуп,мл
Бальзамический уксус,мл
Белый винный уксус,мл
Ванильный крем,мл
Домашняя соленая кокосовая карамель,г
Горчица Тирентьен,г
Домашняя копченая олия,мл
Арахисовая паста,мл
Медовый уксус,мл
Домашний вишневый уксус,мл
Томатный микс,мл
Масло какао,г
Домашнее виноградное масло с укропом,мл
Мандариновый уксус,мл
Мирин,мл
Корица в палочках,г
Корень имбиря,г
Гвоздика,г
Соль,г
Молотая корица,г
Сахарный песок,г
Мускатный орех молотый,г
Сахарная пудра,г
Черный перец молотый,г
Тростниковый сахарный песок,г
Тростниковый сахар в кубиках,г
Кардамон,г
Бадьян,г
Ванильный сахарный песок,г
Ваниль в стручках,г
Сахар в кубиках,г
Шафран,г
Сельдереевая соль,г
Красный перец молотый,г
Хрен,г
Розовая соль,г
Кокосовая стружка,г
Кунжут,г
Китайский перец в гранулах,г
Розовый перец,г
Чипотле,г
Черная соль,г
Семена фенхеля,г
Молотый имбирь,г
Перец горошком,г
Корень корейского красного женьшеня,г
Копченая соль,г
Тамаринд,г
Китайский перец молотый,г
Курага,г
Чернослив,г
Грецкий орех,г
Сушеный ананас,г
Овощные чипсы,г
Жареный арахис,г
Фисташки,г
Засахаренный имбирь,г
Сушеная малина,г
Засахаренный кумкват,г
Сушеный финик,г
Сушеный инжир,г
Кокос,г
Изюм,г
Пекан,г
Черный шоколад,г
Мармелад,г
Карамельный попкорн,шт
Леденцы,шт
Стружка с ароматом шоколада,г
Рахат-лукум,г
Маршмэллоу,шт
Пахлава,шт
Сахарная вата,г
Белый шоколад,г
Печенье,г
Тарталетка,г
Вафельный рожок,г
Пита,г
Орео,г
Пшеничный хлеб,г
Имбирный пряник,г
Бисквит,г
Вафля,г
Кокосовый крем,г
Кокосовое молоко,г
Лецитин,г
Желатин,г
Женьшень в капсулах,г
Яблочная кислота,г
Бамбуковый уголь измельченный,г
Соевая мука,г
Молочная кислота,г
Пудра гибискуса,г
Миндальное молоко,мл
Апельсиновая цедра,шт
Коктейльная вишня красная,г
Лимонная цедра,шт
Грейпфрутовая цедра,шт
Лаймовая цедра,шт
Пищевое сусальное золото,г
Оливки,г
Чайная пена,мл
Чайная икра,г
Маринованный лук,шт
Вишня гриотин,г
Вяленое мясо c медом акации,г
Лед в кубиках,г
Дробленый лед,г
Ледяной куб,шт
Ледяная сфера,шт
Сухой лед,г